{
	"$schema": "https://biomejs.dev/schemas/2.3.13/schema.json",
	"vcs": {
		"enabled": true,
		"clientKind": "git",
		"useIgnoreFile": false
	},
	"files": {
		"includes": [
			"src/**/*.{json,tsx,ts,js,jsx,css}",
			"vite.config.js",
			"index.html"
		],
		"ignoreUnknown": false
	},
	"formatter": {
		"enabled": true,
		"indentStyle": "tab"
	},
	"linter": {
		"enabled": true,
		"rules": {
			"recommended": true,
			"suspicious": {
				"useBiomeIgnoreFolder": "off"
			}
		}
	},
	"javascript": {
		"formatter": {
			"quoteStyle": "double",
			"semicolons": "always"
		}
	},
	"assist": {
		"enabled": true,
		"actions": {
			"source": {
				"organizeImports": "on"
			}
		}
	},
	"css": {
		"parser": {
			"tailwindDirectives": true
		}
	}
}
